Timestamp,RelativeTS,LogicData,Width_in_us
2024-03-26 13:31:18.226661+00:00,0,0,278469
2024-03-26 13:31:18.226661+00:00,278469,1,5118
2024-03-26 13:31:18.226661+00:00,283587,0,1018834
2024-03-26 13:31:18.226661+00:00,1302421,1,10123
2024-03-26 13:31:18.226661+00:00,1312544,0,3513
2024-03-26 13:31:18.226661+00:00,1316057,1,430
2024-03-26 13:31:18.226661+00:00,1316487,0,1009916
2024-03-26 13:31:18.226661+00:00,2326403,1,17313
2024-03-26 13:31:18.226661+00:00,2343716,0,1001787
2024-03-26 13:31:18.226661+00:00,3345504,1,13034
2024-03-26 13:31:18.226661+00:00,3358538,0,1015951
2024-03-26 13:31:18.226661+00:00,4374489,1,13645
2024-03-26 13:31:18.226661+00:00,4388134,0,1010305
2024-03-26 13:31:18.226661+00:00,5398440,1,7934
2024-03-26 13:31:18.226661+00:00,5406375,0,1010999
2024-03-26 13:31:18.226661+00:00,6417374,1,12663
2024-03-26 13:31:18.226661+00:00,6430037,0,1016337
2024-03-26 13:31:18.226661+00:00,7446374,1,9724
2024-03-26 13:31:18.226661+00:00,7456098,0,4816
2024-03-26 13:31:18.226661+00:00,7460914,1,2640
2024-03-26 13:31:18.226661+00:00,7463554,0,1006985
2024-03-26 13:31:18.226661+00:00,8470539,1,7669
2024-03-26 13:31:18.226661+00:00,8478208,0,1016281
2024-03-26 13:31:18.226661+00:00,9494490,1,64862
2024-03-26 13:31:18.226661+00:00,9559352,0,7085
2024-03-26 13:31:18.226661+00:00,9566437,1,21920
2024-03-26 13:31:18.226661+00:00,9588357,0,930085
2024-03-26 13:31:18.226661+00:00,10518442,1,6011
2024-03-26 13:31:18.226661+00:00,10524453,0,1017940
2024-03-26 13:31:18.226661+00:00,11542393,1,25649
2024-03-26 13:31:18.226661+00:00,11568042,0,651
2024-03-26 13:31:18.226661+00:00,11568693,1,749
2024-03-26 13:31:18.226661+00:00,11569442,0,773
2024-03-26 13:31:18.226661+00:00,11570215,1,136943
2024-03-26 13:31:18.226661+00:00,11707158,0,3604
2024-03-26 13:31:18.226661+00:00,11710762,1,45856
2024-03-26 13:31:18.226661+00:00,11756618,0,809876
2024-03-26 13:31:18.226661+00:00,12566494,1,27775
2024-03-26 13:31:18.226661+00:00,12594269,0,69488
2024-03-26 13:31:18.226661+00:00,12663757,1,44074
2024-03-26 13:31:18.226661+00:00,12707831,0,3111
2024-03-26 13:31:18.226661+00:00,12710942,1,101107
2024-03-26 13:31:18.226661+00:00,12812049,0,3640
2024-03-26 13:31:18.226661+00:00,12815689,1,11539
2024-03-26 13:31:18.226661+00:00,12827228,0,865638
2024-03-26 13:31:18.226661+00:00,13692866,1,11572
2024-03-26 13:31:18.226661+00:00,13704438,0,6329
2024-03-26 13:31:18.226661+00:00,13710767,1,104035
2024-03-26 13:31:18.226661+00:00,13814802,0,491
2024-03-26 13:31:18.226661+00:00,13815293,1,45627
2024-03-26 13:31:18.226661+00:00,13860920,0,855958
2024-03-26 13:31:18.226661+00:00,14716878,1,97632
2024-03-26 13:31:18.226661+00:00,14814510,0,766
2024-03-26 13:31:18.226661+00:00,14815276,1,44428
2024-03-26 13:31:18.226661+00:00,14859704,0,881156
2024-03-26 13:31:18.226661+00:00,15740860,1,68496
2024-03-26 13:31:18.226661+00:00,15809356,0,6964
2024-03-26 13:31:18.226661+00:00,15816320,1,4241
2024-03-26 13:31:18.226661+00:00,15820561,0,944251
2024-03-26 13:31:18.226661+00:00,16764812,1,51882
2024-03-26 13:31:18.226661+00:00,16816694,0,664
2024-03-26 13:31:18.226661+00:00,16817358,1,86765
2024-03-26 13:31:18.226661+00:00,16904123,0,884732
2024-03-26 13:31:18.226661+00:00,17788855,1,27698
2024-03-26 13:31:18.226661+00:00,17816553,0,636
2024-03-26 13:31:18.226661+00:00,17817189,1,2673
2024-03-26 13:31:18.226661+00:00,17819862,0,66404
2024-03-26 13:31:18.226661+00:00,17886266,1,70229
2024-03-26 13:31:18.226661+00:00,17956495,0,4464
2024-03-26 13:31:18.226661+00:00,17960959,1,95552
2024-03-26 13:31:18.226661+00:00,18056511,0,9786
2024-03-26 13:31:18.226661+00:00,18066297,1,59120
2024-03-26 13:31:18.226661+00:00,18125417,0,789836
2024-03-26 13:31:18.226661+00:00,18915253,1,39288
2024-03-26 13:31:18.226661+00:00,18954541,0,6245
2024-03-26 13:31:18.226661+00:00,18960786,1,100435
2024-03-26 13:31:18.226661+00:00,19061221,0,4412
2024-03-26 13:31:18.226661+00:00,19065633,1,40482
2024-03-26 13:31:18.226661+00:00,19106115,0,833150
2024-03-26 13:31:18.226661+00:00,19939265,1,28446
2024-03-26 13:31:18.226661+00:00,19967711,0,653
2024-03-26 13:31:18.226661+00:00,19968364,1,412
2024-03-26 13:31:18.226661+00:00,19968776,0,67870
2024-03-26 13:31:18.226661+00:00,20036646,1,22578
2024-03-26 13:31:18.226661+00:00,20059224,0,7450
2024-03-26 13:31:18.226661+00:00,20066674,1,110488
2024-03-26 13:31:18.226661+00:00,20177162,0,888715
2024-03-26 13:31:18.226661+00:00,21065877,1,95523
2024-03-26 13:31:18.226661+00:00,21161400,0,927605
2024-03-26 13:31:18.226661+00:00,22089005,1,28401
2024-03-26 13:31:18.226661+00:00,22117406,0,72215
2024-03-26 13:31:18.226661+00:00,22189621,1,21490
2024-03-26 13:31:18.226661+00:00,22211111,0,639
2024-03-26 13:31:18.226661+00:00,22211750,1,776
2024-03-26 13:31:18.226661+00:00,22212526,0,780
2024-03-26 13:31:18.226661+00:00,22213306,1,170807
2024-03-26 13:31:18.226661+00:00,22384113,0,438
2024-03-26 13:31:18.226661+00:00,22384551,1,579
2024-03-26 13:31:18.226661+00:00,22385130,0,825958
2024-03-26 13:31:18.226661+00:00,23211088,1,100825
2024-03-26 13:31:18.226661+00:00,23311913,0,3685
2024-03-26 13:31:18.226661+00:00,23315598,1,32904
2024-03-26 13:31:18.226661+00:00,23348502,0,890975
2024-03-26 13:31:18.226661+00:00,24239477,1,71235
2024-03-26 13:31:18.226661+00:00,24310712,0,5019
2024-03-26 13:31:18.226661+00:00,24315731,1,4986
2024-03-26 13:31:18.226661+00:00,24320717,0,942711
2024-03-26 13:31:18.226661+00:00,25263428,1,45830
2024-03-26 13:31:18.226661+00:00,25309258,0,6308
2024-03-26 13:31:18.226661+00:00,25315566,1,37972
2024-03-26 13:31:18.226661+00:00,25353538,0,933841
2024-03-26 13:31:18.226661+00:00,26287379,1,21870
2024-03-26 13:31:18.226661+00:00,26309249,0,6294
2024-03-26 13:31:18.226661+00:00,26315543,1,101139
2024-03-26 13:31:18.226661+00:00,26416682,0,899138
2024-03-26 13:31:18.226661+00:00,27315820,1,63801
2024-03-26 13:31:18.226661+00:00,27379621,0,955783
2024-03-26 13:31:18.226661+00:00,28335404,1,28394
2024-03-26 13:31:18.226661+00:00,28363798,0,72192
2024-03-26 13:31:18.226661+00:00,28435990,1,25915
2024-03-26 13:31:18.226661+00:00,28461905,0,638
2024-03-26 13:31:18.226661+00:00,28462543,1,767
2024-03-26 13:31:18.226661+00:00,28463310,0,771
2024-03-26 13:31:18.226661+00:00,28464081,1,70516
2024-03-26 13:31:18.226661+00:00,28534597,0,926497
2024-03-26 13:31:18.226661+00:00,29461094,1,97969
2024-03-26 13:31:18.226661+00:00,29559063,0,6450
2024-03-26 13:31:18.226661+00:00,29565513,1,138747
2024-03-26 13:31:18.226661+00:00,29704260,0,6551
2024-03-26 13:31:18.226661+00:00,29710811,1,101983
2024-03-26 13:31:18.226661+00:00,29812794,0,3282
2024-03-26 13:31:18.226661+00:00,29816076,1,45447
2024-03-26 13:31:18.226661+00:00,29861523,0,623742
2024-03-26 13:31:18.226661+00:00,30485265,1,73946
2024-03-26 13:31:18.226661+00:00,30559211,0,6353
2024-03-26 13:31:18.226661+00:00,30565564,1,6561
2024-03-26 13:31:18.226661+00:00,30572125,0,937092
2024-03-26 13:31:18.226661+00:00,31509217,1,49977
2024-03-26 13:31:18.226661+00:00,31559194,0,6371
2024-03-26 13:31:18.226661+00:00,31565565,1,144868
2024-03-26 13:31:18.226661+00:00,31710433,0,478
2024-03-26 13:31:18.226661+00:00,31710911,1,44330
2024-03-26 13:31:18.226661+00:00,31755241,0,778019
2024-03-26 13:31:18.226661+00:00,32533260,1,26743
2024-03-26 13:31:18.226661+00:00,32560003,0,5481
2024-03-26 13:31:18.226661+00:00,32565483,1,32138
2024-03-26 13:31:18.226661+00:00,32597622,0,959589
2024-03-26 13:31:18.226661+00:00,33557211,1,41509
2024-03-26 13:31:18.226661+00:00,33598720,0,638
2024-03-26 13:31:18.226661+00:00,33599358,1,105086
2024-03-26 13:31:18.226661+00:00,33704444,0,6385
2024-03-26 13:31:18.226661+00:00,33710829,1,95239
2024-03-26 13:31:18.226661+00:00,33806068,0,9399
2024-03-26 13:31:18.226661+00:00,33815467,1,139888
2024-03-26 13:31:18.226661+00:00,33955355,0,5388
2024-03-26 13:31:18.226661+00:00,33960743,1,500
2024-03-26 13:31:18.226661+00:00,33961243,0,620011
2024-03-26 13:31:18.226661+00:00,34581254,1,67528
2024-03-26 13:31:18.226661+00:00,34648782,0,956424
2024-03-26 13:31:18.226661+00:00,35605206,1,101337
2024-03-26 13:31:18.226661+00:00,35706543,0,5447
2024-03-26 13:31:18.226661+00:00,35711990,1,103019
2024-03-26 13:31:18.226661+00:00,35815009,0,463
2024-03-26 13:31:18.226661+00:00,35815472,1,31510
2024-03-26 13:31:18.226661+00:00,35846983,0,778690
2024-03-26 13:31:18.226661+00:00,36625673,1,16643
2024-03-26 13:31:18.226661+00:00,36642316,0,16996
2024-03-26 13:31:18.226661+00:00,36659312,1,5829
2024-03-26 13:31:18.226661+00:00,36665141,0,695
2024-03-26 13:31:18.226661+00:00,36665836,1,11112
2024-03-26 13:31:18.226661+00:00,36676948,0,737
2024-03-26 13:31:18.226661+00:00,36677685,1,26787
2024-03-26 13:31:18.226661+00:00,36704472,0,198399
2024-03-26 13:31:18.226661+00:00,36902871,1,10788
2024-03-26 13:31:18.226661+00:00,36913659,0,53033
2024-03-26 13:31:18.226661+00:00,36966692,1,214573
2024-03-26 13:31:18.226661+00:00,37181265,0,466967
2024-03-26 13:31:18.226661+00:00,37648232,1,56105
2024-03-26 13:31:18.226661+00:00,37704337,0,14028
2024-03-26 13:31:18.226661+00:00,37718365,1,219875
2024-03-26 13:31:18.226661+00:00,37938240,0,733968
2024-03-26 13:31:18.226661+00:00,38672208,1,32204
2024-03-26 13:31:18.226661+00:00,38704413,0,13148
2024-03-26 13:31:18.226661+00:00,38717561,1,43380
2024-03-26 13:31:18.226661+00:00,38760941,0,940252
2024-03-26 13:31:18.226661+00:00,39701193,1,8253
2024-03-26 13:31:18.226661+00:00,39709446,0,2528
2024-03-26 13:31:18.226661+00:00,39711974,1,33306
2024-03-26 13:31:18.226661+00:00,39745280,0,6623
2024-03-26 13:31:18.226661+00:00,39751903,1,170616
2024-03-26 13:31:18.226661+00:00,39922519,0,802718
2024-03-26 13:31:18.226661+00:00,40725237,1,28881
2024-03-26 13:31:18.226661+00:00,40754118,0,636
2024-03-26 13:31:18.226661+00:00,40754754,1,506
2024-03-26 13:31:18.226661+00:00,40755260,0,68579
2024-03-26 13:31:18.226661+00:00,40823839,1,133246
2024-03-26 13:31:18.226661+00:00,40957085,0,3917
2024-03-26 13:31:18.226661+00:00,40961003,1,36613
2024-03-26 13:31:18.226661+00:00,40997616,0,4137
2024-03-26 13:31:18.226661+00:00,41001753,1,17678
2024-03-26 13:31:18.226661+00:00,41019431,0,832204
2024-03-26 13:31:18.226661+00:00,41851635,1,130517
2024-03-26 13:31:18.226661+00:00,41982152,0,655
2024-03-26 13:31:18.226661+00:00,41982807,1,472
2024-03-26 13:31:18.226661+00:00,41983279,0,887313
2024-03-26 13:31:18.226661+00:00,42870592,1,86983
2024-03-26 13:31:18.226661+00:00,42957575,0,3304
2024-03-26 13:31:18.226661+00:00,42960879,1,39130
2024-03-26 13:31:18.226661+00:00,43000009,0,1671
2024-03-26 13:31:18.226661+00:00,43001680,1,29314
2024-03-26 13:31:18.226661+00:00,43030994,0,868635
2024-03-26 13:31:18.226661+00:00,43899629,1,54433
2024-03-26 13:31:18.226661+00:00,43954062,0,7779
2024-03-26 13:31:18.226661+00:00,43961841,1,35388
2024-03-26 13:31:18.226661+00:00,43997229,0,6155
2024-03-26 13:31:18.226661+00:00,44003384,1,3660
2024-03-26 13:31:18.226661+00:00,44007044,0,637
2024-03-26 13:31:18.226661+00:00,44007681,1,29105
2024-03-26 13:31:18.226661+00:00,44036786,0,886856
2024-03-26 13:31:18.226661+00:00,44923642,1,30462
2024-03-26 13:31:18.226661+00:00,44954104,0,70123
2024-03-26 13:31:18.226661+00:00,45024227,1,183572
2024-03-26 13:31:18.226661+00:00,45207799,0,3211
2024-03-26 13:31:18.226661+00:00,45211010,1,42098
2024-03-26 13:31:18.226661+00:00,45253108,0,492
2024-03-26 13:31:18.226661+00:00,45253601,1,64193
2024-03-26 13:31:18.226661+00:00,45317794,0,727199
2024-03-26 13:31:18.226661+00:00,46044993,1,33981
2024-03-26 13:31:18.226661+00:00,46078974,0,71651
2024-03-26 13:31:18.226661+00:00,46150625,1,56158
2024-03-26 13:31:18.226661+00:00,46206783,0,4238
2024-03-26 13:31:18.226661+00:00,46211021,1,39525
2024-03-26 13:31:18.226661+00:00,46250546,0,492
2024-03-26 13:31:18.226661+00:00,46251038,1,103157
2024-03-26 13:31:18.226661+00:00,46354195,0,821632
2024-03-26 13:31:18.226661+00:00,47175827,1,29774
2024-03-26 13:31:18.226661+00:00,47205601,0,5402
2024-03-26 13:31:18.226661+00:00,47211003,1,34134
2024-03-26 13:31:18.226661+00:00,47245137,0,6457
2024-03-26 13:31:18.226661+00:00,47251594,1,771
2024-03-26 13:31:18.226661+00:00,47252365,0,767
2024-03-26 13:31:18.226661+00:00,47253132,1,220587
2024-03-26 13:31:18.226661+00:00,47473719,0,508
2024-03-26 13:31:18.226661+00:00,47474227,1,36523
2024-03-26 13:31:18.226661+00:00,47510750,0,436
2024-03-26 13:31:18.226661+00:00,47511186,1,11319
2024-03-26 13:31:18.226661+00:00,47522505,0,677335
2024-03-26 13:31:18.226661+00:00,48199840,1,30505
2024-03-26 13:31:18.226661+00:00,48230345,0,638
2024-03-26 13:31:18.226661+00:00,48230983,1,504
2024-03-26 13:31:18.226661+00:00,48231487,0,68939
2024-03-26 13:31:18.226661+00:00,48300426,1,163869
2024-03-26 13:31:18.226661+00:00,48464295,0,723
2024-03-26 13:31:18.226661+00:00,48465018,1,30324
2024-03-26 13:31:18.226661+00:00,48495342,0,6219
2024-03-26 13:31:18.226661+00:00,48501561,1,753
2024-03-26 13:31:18.226661+00:00,48502314,0,823894
2024-03-26 13:31:18.226661+00:00,49326208,1,143286
2024-03-26 13:31:18.226661+00:00,49469494,0,722
2024-03-26 13:31:18.226661+00:00,49470216,1,26343
2024-03-26 13:31:18.226661+00:00,49496559,0,5771
2024-03-26 13:31:18.226661+00:00,49502330,1,606
2024-03-26 13:31:18.226661+00:00,49502936,0,847284
2024-03-26 13:31:18.226661+00:00,50350220,1,117937
2024-03-26 13:31:18.226661+00:00,50468157,0,658
2024-03-26 13:31:18.226661+00:00,50468815,1,560
2024-03-26 13:31:18.226661+00:00,50469375,0,904797
2024-03-26 13:31:18.226661+00:00,51374172,1,88737
2024-03-26 13:31:18.226661+00:00,51462909,0,709
2024-03-26 13:31:18.226661+00:00,51463618,1,50766
2024-03-26 13:31:18.226661+00:00,51514384,0,510
2024-03-26 13:31:18.226661+00:00,51514895,1,75928
2024-03-26 13:31:18.226661+00:00,51590823,0,807391
2024-03-26 13:31:18.226661+00:00,52398214,1,56197
2024-03-26 13:31:18.226661+00:00,52454411,0,6454
2024-03-26 13:31:18.226661+00:00,52460865,1,38496
2024-03-26 13:31:18.226661+00:00,52499361,0,2195
2024-03-26 13:31:18.226661+00:00,52501556,1,136518
2024-03-26 13:31:18.226661+00:00,52638074,0,784153
2024-03-26 13:31:18.226661+00:00,53422227,1,32516
2024-03-26 13:31:18.226661+00:00,53454743,0,6118
2024-03-26 13:31:18.226661+00:00,53460861,1,34209
2024-03-26 13:31:18.226661+00:00,53495070,0,6423
2024-03-26 13:31:18.226661+00:00,53501493,1,116046
2024-03-26 13:31:18.226661+00:00,53617539,0,828670
2024-03-26 13:31:18.226661+00:00,54446209,1,29951
2024-03-26 13:31:18.226661+00:00,54476160,0,638
2024-03-26 13:31:18.226661+00:00,54476798,1,2621
2024-03-26 13:31:18.226661+00:00,54479419,0,67375
2024-03-26 13:31:18.226661+00:00,54546794,1,134054
2024-03-26 13:31:18.226661+00:00,54680848,0,891759
2024-03-26 13:31:18.226661+00:00,55572607,1,31448
2024-03-26 13:31:18.226661+00:00,55604056,0,69136
2024-03-26 13:31:18.226661+00:00,55673192,1,31229
2024-03-26 13:31:18.226661+00:00,55704421,0,7426
2024-03-26 13:31:18.226661+00:00,55711847,1,33197
2024-03-26 13:31:18.226661+00:00,55745044,0,6549
2024-03-26 13:31:18.226661+00:00,55751593,1,21716
2024-03-26 13:31:18.226661+00:00,55773309,0,925055
2024-03-26 13:31:18.226661+00:00,56698364,1,9362
2024-03-26 13:31:18.226661+00:00,56707726,0,3298
2024-03-26 13:31:18.226661+00:00,56711024,1,34084
2024-03-26 13:31:18.226661+00:00,56745108,0,6375
2024-03-26 13:31:18.226661+00:00,56751483,1,139492
2024-03-26 13:31:18.226661+00:00,56890975,0,831340
2024-03-26 13:31:18.226661+00:00,57722315,1,27991
2024-03-26 13:31:18.226661+00:00,57750306,0,702
2024-03-26 13:31:18.226661+00:00,57751008,1,113598
2024-03-26 13:31:18.226661+00:00,57864606,0,888215
2024-03-26 13:31:18.226661+00:00,58752821,1,2131
2024-03-26 13:31:18.226661+00:00,58754952,0,519
2024-03-26 13:31:18.226661+00:00,58755471,1,73562
2024-03-26 13:31:18.226661+00:00,58829033,0,940643
2024-03-26 13:31:18.226661+00:00,59769676,1,10158
2024-03-26 13:31:18.226661+00:00,59779834,0,512
2024-03-26 13:31:18.226661+00:00,59780346,1,59622
2024-03-26 13:31:18.226661+00:00,59839968,0,954353
2024-03-26 13:31:18.226661+00:00,60794321,1,160078
2024-03-26 13:31:18.226661+00:00,60954399,0,6489
2024-03-26 13:31:18.226661+00:00,60960888,1,50644
2024-03-26 13:31:18.226661+00:00,61011532,0,464
2024-03-26 13:31:18.226661+00:00,61011996,1,87267
2024-03-26 13:31:18.226661+00:00,61099263,0,719132
2024-03-26 13:31:18.226661+00:00,61818395,1,135718
2024-03-26 13:31:18.226661+00:00,61954113,0,6776
2024-03-26 13:31:18.226661+00:00,61960889,1,27722
2024-03-26 13:31:18.226661+00:00,61988611,0,853766
2024-03-26 13:31:18.226661+00:00,62842377,1,30171
2024-03-26 13:31:18.226661+00:00,62872548,0,70413
2024-03-26 13:31:18.226661+00:00,62942961,1,34039
2024-03-26 13:31:18.226661+00:00,62977000,0,638
2024-03-26 13:31:18.226661+00:00,62977638,1,17487
2024-03-26 13:31:18.226661+00:00,62995125,0,6384
2024-03-26 13:31:18.226661+00:00,63001509,1,162249
2024-03-26 13:31:18.226661+00:00,63163758,0,805048
2024-03-26 13:31:18.226661+00:00,63968806,1,27569
2024-03-26 13:31:18.226661+00:00,63996375,0,5219
2024-03-26 13:31:18.226661+00:00,64001594,1,75717
2024-03-26 13:31:18.226661+00:00,64077310,0,915445
2024-03-26 13:31:18.226661+00:00,64992756,1,14980
2024-03-26 13:31:18.226661+00:00,65007735,0,637
2024-03-26 13:31:18.226661+00:00,65008373,1,57452
2024-03-26 13:31:18.226661+00:00,65065825,0,950883
2024-03-26 13:31:18.226661+00:00,66016707,1,99880
2024-03-26 13:31:18.226661+00:00,66116587,0,924101
2024-03-26 13:31:18.226661+00:00,67040689,1,30759
2024-03-26 13:31:18.226661+00:00,67071448,0,69827
2024-03-26 13:31:18.226661+00:00,67141275,1,64007
2024-03-26 13:31:18.226661+00:00,67205283,0,5617
2024-03-26 13:31:18.226661+00:00,67210900,1,17904
2024-03-26 13:31:18.226661+00:00,67228804,0,938223
2024-03-26 13:31:18.226661+00:00,68167027,1,37377
2024-03-26 13:31:18.226661+00:00,68204404,0,6491
2024-03-26 13:31:18.226661+00:00,68210895,1,794
2024-03-26 13:31:18.226661+00:00,68211689,0,770
2024-03-26 13:31:18.226661+00:00,68212459,1,42251
2024-03-26 13:31:18.226661+00:00,68254710,0,436
2024-03-26 13:31:18.226661+00:00,68255146,1,20085
2024-03-26 13:31:18.226661+00:00,68275231,0,916022
2024-03-26 13:31:18.226661+00:00,69191253,1,13282
2024-03-26 13:31:18.226661+00:00,69204535,0,6360
2024-03-26 13:31:18.226661+00:00,69210895,1,33967
2024-03-26 13:31:18.226661+00:00,69244862,0,6514
2024-03-26 13:31:18.226661+00:00,69251376,1,793
2024-03-26 13:31:18.226661+00:00,69252169,0,773
2024-03-26 13:31:18.226661+00:00,69252942,1,174067
2024-03-26 13:31:18.226661+00:00,69427009,0,784190
2024-03-26 13:31:18.226661+00:00,70211199,1,34915
2024-03-26 13:31:18.226661+00:00,70246114,0,5248
2024-03-26 13:31:18.226661+00:00,70251362,1,50049
2024-03-26 13:31:18.226661+00:00,70301411,0,937744
2024-03-26 13:31:18.226661+00:00,71239155,1,12007
2024-03-26 13:31:18.226661+00:00,71251162,0,637
2024-03-26 13:31:18.226661+00:00,71251799,1,503
2024-03-26 13:31:18.226661+00:00,71252302,0,89239
2024-03-26 13:31:18.226661+00:00,71341541,1,133990
2024-03-26 13:31:18.226661+00:00,71475531,0,704
2024-03-26 13:31:18.226661+00:00,71476235,1,21171
2024-03-26 13:31:18.226661+00:00,71497406,0,3969
2024-03-26 13:31:18.226661+00:00,71501375,1,599
2024-03-26 13:31:18.226661+00:00,71501974,0,863610
2024-03-26 13:31:18.226661+00:00,72365584,1,36115
2024-03-26 13:31:18.226661+00:00,72401699,0,59507
2024-03-26 13:31:18.226661+00:00,72461206,1,37008
2024-03-26 13:31:18.226661+00:00,72498214,0,3122
2024-03-26 13:31:18.226661+00:00,72501336,1,107743
2024-03-26 13:31:18.226661+00:00,72609079,0,35599
2024-03-26 13:31:18.226661+00:00,72644678,1,14398
2024-03-26 13:31:18.226661+00:00,72659076,0,832906
2024-03-26 13:31:18.226661+00:00,73491982,1,16756
2024-03-26 13:31:18.226661+00:00,73508738,0,669
2024-03-26 13:31:18.226661+00:00,73509407,1,139031
2024-03-26 13:31:18.226661+00:00,73648438,0,867526
2024-03-26 13:31:18.226661+00:00,74515964,1,191699
2024-03-26 13:31:18.226661+00:00,74707663,0,3419
2024-03-26 13:31:18.226661+00:00,74711082,1,518
2024-03-26 13:31:18.226661+00:00,74711600,0,828376
2024-03-26 13:31:18.226661+00:00,75539976,1,25660
2024-03-26 13:31:18.226661+00:00,75565636,0,998291
2024-03-26 13:31:18.226661+00:00,76563927,1,142927
2024-03-26 13:31:18.226661+00:00,76706854,0,4234
2024-03-26 13:31:18.226661+00:00,76711088,1,1058
2024-03-26 13:31:18.226661+00:00,76712146,0,875762
2024-03-26 13:31:18.226661+00:00,77587908,1,30544
2024-03-26 13:31:18.226661+00:00,77618452,0,70042
2024-03-26 13:31:18.226661+00:00,77688494,1,16079
2024-03-26 13:31:18.226661+00:00,77704573,0,6284
2024-03-26 13:31:18.226661+00:00,77710857,1,41776
2024-03-26 13:31:18.226661+00:00,77752633,0,441
2024-03-26 13:31:18.226661+00:00,77753074,1,79441
2024-03-26 13:31:18.226661+00:00,77832515,0,878695
2024-03-26 13:31:18.226661+00:00,78711210,1,33636
2024-03-26 13:31:18.226661+00:00,78744846,0,6428
2024-03-26 13:31:18.226661+00:00,78751274,1,828
2024-03-26 13:31:18.226661+00:00,78752102,0,784
2024-03-26 13:31:18.226661+00:00,78752886,1,56728
2024-03-26 13:31:18.226661+00:00,78809614,0,1107589
2024-03-26 13:31:18.226661+00:00,79917203,1,63018
2024-03-26 13:31:18.226661+00:00,79980221,0,107425
2024-03-26 13:31:18.226661+00:00,80087646,1,568
2024-03-26 13:31:18.226661+00:00,80088214,0,128381
2024-03-26 13:31:18.226661+00:00,80216595,1,37556
2024-03-26 13:31:18.226661+00:00,80254151,0,88481
2024-03-26 13:31:18.226661+00:00,80342632,1,119603
2024-03-26 13:31:18.226661+00:00,80462235,0,4318
2024-03-26 13:31:18.226661+00:00,80466553,1,66449
2024-03-26 13:31:18.226661+00:00,80533002,0,838781
2024-03-26 13:31:18.226661+00:00,81371783,1,47193
2024-03-26 13:31:18.226661+00:00,81418976,0,55638
2024-03-26 13:31:18.226661+00:00,81474614,1,25774
2024-03-26 13:31:18.226661+00:00,81500388,0,812
2024-03-26 13:31:18.226661+00:00,81501200,1,16462
2024-03-26 13:31:18.226661+00:00,81517662,0,598
2024-03-26 13:31:18.226661+00:00,81518260,1,433
2024-03-26 13:31:18.226661+00:00,81518693,0,15789
2024-03-26 13:31:18.226661+00:00,81534483,1,15589
2024-03-26 13:31:18.226661+00:00,81550072,0,17059
2024-03-26 13:31:18.226661+00:00,81567131,1,14201
2024-03-26 13:31:18.226661+00:00,81581332,0,17129
2024-03-26 13:31:18.226661+00:00,81598461,1,16600
2024-03-26 13:31:18.226661+00:00,81615061,0,16030
2024-03-26 13:31:18.226661+00:00,81631091,1,1527
2024-03-26 13:31:18.226661+00:00,81632618,0,695
2024-03-26 13:31:18.226661+00:00,81633313,1,1208
2024-03-26 13:31:18.226661+00:00,81634521,0,50967
2024-03-26 13:31:18.226661+00:00,81685488,1,23058
2024-03-26 13:31:18.226661+00:00,81708546,0,206852
2024-03-26 13:31:18.226661+00:00,81915398,1,45867
2024-03-26 13:31:18.226661+00:00,81961265,0,69751
2024-03-26 13:31:18.226661+00:00,82031016,1,35181
2024-03-26 13:31:18.226661+00:00,82066197,0,149997
2024-03-26 13:31:18.226661+00:00,82216194,1,575
2024-03-26 13:31:18.226661+00:00,82216769,0,281357
2024-03-26 13:31:18.226661+00:00,82498126,1,35183
2024-03-26 13:31:18.226661+00:00,82533309,0,65391
2024-03-26 13:31:18.226661+00:00,82598700,1,173062
2024-03-26 13:31:18.226661+00:00,82771762,0,195530
2024-03-26 13:31:18.226661+00:00,82967292,1,159324
2024-03-26 13:31:18.226661+00:00,83126616,0,497347
2024-03-26 13:31:18.226661+00:00,83623963,1,58449
2024-03-26 13:31:18.226661+00:00,83682412,0,965523
2024-03-26 13:31:18.226661+00:00,84647935,1,56487
2024-03-26 13:31:18.226661+00:00,84704422,0,6509
2024-03-26 13:31:18.226661+00:00,84710931,1,811
2024-03-26 13:31:18.226661+00:00,84711742,0,659
2024-03-26 13:31:18.226661+00:00,84712401,1,152956
2024-03-26 13:31:18.226661+00:00,84865357,0,95653
2024-03-26 13:31:18.226661+00:00,84961010,1,28465
2024-03-26 13:31:18.226661+00:00,84989475,0,501
2024-03-26 13:31:18.226661+00:00,84989977,1,7139
2024-03-26 13:31:18.226661+00:00,84997116,0,679863
2024-03-26 13:31:18.226661+00:00,85676979,1,28818
2024-03-26 13:31:18.226661+00:00,85705797,0,5249
2024-03-26 13:31:18.226661+00:00,85711046,1,108193
2024-03-26 13:31:18.226661+00:00,85819239,0,881722
2024-03-26 13:31:18.226661+00:00,86700961,1,11717
2024-03-26 13:31:18.226661+00:00,86712678,0,637
2024-03-26 13:31:18.226661+00:00,86713315,1,58726
2024-03-26 13:31:18.226661+00:00,86772041,0,952871
2024-03-26 13:31:18.226661+00:00,87724912,1,44091
2024-03-26 13:31:18.226661+00:00,87769003,0,979861
2024-03-26 13:31:18.226661+00:00,88748864,1,93198
2024-03-26 13:31:18.226661+00:00,88842062,0,6428
2024-03-26 13:31:18.226661+00:00,88848490,1,105898
2024-03-26 13:31:18.226661+00:00,88954388,0,6566
2024-03-26 13:31:18.226661+00:00,88960954,1,812
2024-03-26 13:31:18.226661+00:00,88961766,0,766
2024-03-26 13:31:18.226661+00:00,88962532,1,135900
2024-03-26 13:31:18.226661+00:00,89098432,0,474
2024-03-26 13:31:18.226661+00:00,89098906,1,99464
2024-03-26 13:31:18.226661+00:00,89198370,0,574597
2024-03-26 13:31:18.226661+00:00,89772967,1,43358
2024-03-26 13:31:18.226661+00:00,89816325,0,980593
2024-03-26 13:31:18.226661+00:00,90796918,1,30782
2024-03-26 13:31:18.226661+00:00,90827700,0,69804
2024-03-26 13:31:18.226661+00:00,90897504,1,63319
2024-03-26 13:31:18.226661+00:00,90960823,0,642
2024-03-26 13:31:18.226661+00:00,90961465,1,775
2024-03-26 13:31:18.226661+00:00,90962240,0,769
2024-03-26 13:31:18.226661+00:00,90963009,1,131138
2024-03-26 13:31:18.226661+00:00,91094147,0,4344
2024-03-26 13:31:18.226661+00:00,91098491,1,107414
2024-03-26 13:31:18.226661+00:00,91205905,0,5065
2024-03-26 13:31:18.226661+00:00,91210970,1,26739
2024-03-26 13:31:18.226661+00:00,91237709,0,685668
2024-03-26 13:31:18.226661+00:00,91923377,1,31116
2024-03-26 13:31:18.226661+00:00,91954493,0,6457
2024-03-26 13:31:18.226661+00:00,91960950,1,857
2024-03-26 13:31:18.226661+00:00,91961807,0,773
2024-03-26 13:31:18.226661+00:00,91962580,1,131859
2024-03-26 13:31:18.226661+00:00,92094439,0,4339
2024-03-26 13:31:18.226661+00:00,92098778,1,63829
2024-03-26 13:31:18.226661+00:00,92162607,0,784752
2024-03-26 13:31:18.226661+00:00,92947359,1,12325
2024-03-26 13:31:18.226661+00:00,92959684,0,1430
2024-03-26 13:31:18.226661+00:00,92961114,1,74307
2024-03-26 13:31:18.226661+00:00,93035421,0,935889
2024-03-26 13:31:18.226661+00:00,93971310,1,134968
2024-03-26 13:31:18.226661+00:00,94106278,0,723
2024-03-26 13:31:18.226661+00:00,94107001,1,105393
2024-03-26 13:31:18.226661+00:00,94212394,0,504
2024-03-26 13:31:18.226661+00:00,94212898,1,102470
2024-03-26 13:31:18.226661+00:00,94315368,0,679985
2024-03-26 13:31:18.226661+00:00,94995353,1,96582
2024-03-26 13:31:18.226661+00:00,95091935,0,6595
2024-03-26 13:31:18.226661+00:00,95098530,1,112674
2024-03-26 13:31:18.226661+00:00,95211204,0,474
2024-03-26 13:31:18.226661+00:00,95211678,1,132416
2024-03-26 13:31:18.226661+00:00,95344094,0,4419
2024-03-26 13:31:18.226661+00:00,95348513,1,103076
2024-03-26 13:31:18.226661+00:00,95451589,0,9377
2024-03-26 13:31:18.226661+00:00,95460966,1,80050
2024-03-26 13:31:18.226661+00:00,95541016,0,478349
2024-03-26 13:31:18.226661+00:00,96019365,1,42408
2024-03-26 13:31:18.226661+00:00,96061773,0,981543
2024-03-26 13:31:18.226661+00:00,97043316,1,48694
2024-03-26 13:31:18.226661+00:00,97092010,0,6490
2024-03-26 13:31:18.226661+00:00,97098500,1,44103
2024-03-26 13:31:18.226661+00:00,97142603,0,924665
2024-03-26 13:31:18.226661+00:00,98067268,1,24628
2024-03-26 13:31:18.226661+00:00,98091896,0,6575
2024-03-26 13:31:18.226661+00:00,98098471,1,68895
2024-03-26 13:31:18.226661+00:00,98167366,0,923852
2024-03-26 13:31:18.226661+00:00,99091218,1,30780
2024-03-26 13:31:18.226661+00:00,99121998,0,636
2024-03-26 13:31:18.226661+00:00,99122634,1,508
2024-03-26 13:31:18.226661+00:00,99123142,0,68571
2024-03-26 13:31:18.226661+00:00,99191713,1,12914
2024-03-26 13:31:18.226661+00:00,99204627,0,6339
2024-03-26 13:31:18.226661+00:00,99210966,1,128005
2024-03-26 13:31:18.226661+00:00,99338971,0,9663
2024-03-26 13:31:18.226661+00:00,99348634,1,513
2024-03-26 13:31:18.226661+00:00,99349147,0,868592
2024-03-26 13:31:18.226661+00:00,100217739,1,134416
2024-03-26 13:31:18.226661+00:00,100352155,0,731
2024-03-26 13:31:18.226661+00:00,100352886,1,92309
2024-03-26 13:31:18.226661+00:00,100445195,0,796557
2024-03-26 13:31:18.226661+00:00,101241752,1,122276
2024-03-26 13:31:18.226661+00:00,101364028,0,663
2024-03-26 13:31:18.226661+00:00,101364691,1,84406
2024-03-26 13:31:18.226661+00:00,101449097,0,816606
2024-03-26 13:31:18.226661+00:00,102265703,1,80929
2024-03-26 13:31:18.226661+00:00,102346632,0,1953
2024-03-26 13:31:18.226661+00:00,102348585,1,109899
2024-03-26 13:31:18.226661+00:00,102458484,0,2519
2024-03-26 13:31:18.226661+00:00,102461003,1,38538
2024-03-26 13:31:18.226661+00:00,102499541,0,790204
2024-03-26 13:31:18.226661+00:00,103289745,1,52093
2024-03-26 13:31:18.226661+00:00,103341838,0,6732
2024-03-26 13:31:18.226661+00:00,103348570,1,107969
2024-03-26 13:31:18.226661+00:00,103456539,0,4473
2024-03-26 13:31:18.226661+00:00,103461012,1,65099
2024-03-26 13:31:18.226661+00:00,103526111,0,787616
2024-03-26 13:31:18.226661+00:00,104313727,1,28278
2024-03-26 13:31:18.226661+00:00,104342005,0,6261
2024-03-26 13:31:18.226661+00:00,104348266,1,106203
2024-03-26 13:31:18.226661+00:00,104454469,0,6524
2024-03-26 13:31:18.226661+00:00,104460993,1,140274
2024-03-26 13:31:18.226661+00:00,104601267,0,392
2024-03-26 13:31:18.226661+00:00,104601659,1,552
2024-03-26 13:31:18.226661+00:00,104602211,0,735527
2024-03-26 13:31:18.226661+00:00,105337738,1,9308
2024-03-26 13:31:18.226661+00:00,105347046,0,1404
2024-03-26 13:31:18.226661+00:00,105348450,1,114123
2024-03-26 13:31:18.226661+00:00,105462573,0,435
2024-03-26 13:31:18.226661+00:00,105463008,1,477
2024-03-26 13:31:18.226661+00:00,105463485,0,893209
2024-03-26 13:31:18.226661+00:00,106356694,1,120214
2024-03-26 13:31:18.226661+00:00,106476908,0,532
2024-03-26 13:31:18.226661+00:00,106477440,1,114390
2024-03-26 13:31:18.226661+00:00,106591830,0,6544
2024-03-26 13:31:18.226661+00:00,106598374,1,101809
2024-03-26 13:31:18.226661+00:00,106700183,0,10808
2024-03-26 13:31:18.226661+00:00,106710991,1,1248
2024-03-26 13:31:18.226661+00:00,106712239,0,668458
2024-03-26 13:31:18.226661+00:00,107380697,1,76389
2024-03-26 13:31:18.226661+00:00,107457086,0,3963
2024-03-26 13:31:18.226661+00:00,107461049,1,130773
2024-03-26 13:31:18.226661+00:00,107591822,0,6540
2024-03-26 13:31:18.226661+00:00,107598362,1,83216
2024-03-26 13:31:18.226661+00:00,107681578,0,728136
2024-03-26 13:31:18.226661+00:00,108409714,1,45023
2024-03-26 13:31:18.226661+00:00,108454737,0,6263
2024-03-26 13:31:18.226661+00:00,108461000,1,134624
2024-03-26 13:31:18.226661+00:00,108595624,0,2616
2024-03-26 13:31:18.226661+00:00,108598240,1,85692
2024-03-26 13:31:18.226661+00:00,108683932,0,749794
2024-03-26 13:31:18.226661+00:00,109433726,1,20822
2024-03-26 13:31:18.226661+00:00,109454548,0,6444
2024-03-26 13:31:18.226661+00:00,109460992,1,134370
2024-03-26 13:31:18.226661+00:00,109595362,0,2915
2024-03-26 13:31:18.226661+00:00,109598277,1,61599
2024-03-26 13:31:18.226661+00:00,109659876,0,801407
2024-03-26 13:31:18.226661+00:00,110461283,1,190794
2024-03-26 13:31:18.226661+00:00,110652077,0,411
2024-03-26 13:31:18.226661+00:00,110652488,1,570
2024-03-26 13:31:18.226661+00:00,110653058,0,828662
2024-03-26 13:31:18.226661+00:00,111481720,1,110043
2024-03-26 13:31:18.226661+00:00,111591763,0,6677
2024-03-26 13:31:18.226661+00:00,111598440,1,826
2024-03-26 13:31:18.226661+00:00,111599266,0,766
2024-03-26 13:31:18.226661+00:00,111600032,1,110105
2024-03-26 13:31:18.226661+00:00,111710137,0,505
2024-03-26 13:31:18.226661+00:00,111710642,1,18366
2024-03-26 13:31:18.226661+00:00,111729008,0,776724
2024-03-26 13:31:18.226661+00:00,112505732,1,31251
2024-03-26 13:31:18.226661+00:00,112536983,0,69335
2024-03-26 13:31:18.226661+00:00,112606318,1,89657
2024-03-26 13:31:18.226661+00:00,112695975,0,931056
2024-03-26 13:31:18.226661+00:00,113627031,1,77409
2024-03-26 13:31:18.226661+00:00,113704440,0,6509
2024-03-26 13:31:18.226661+00:00,113710949,1,811
2024-03-26 13:31:18.226661+00:00,113711760,0,775
2024-03-26 13:31:18.226661+00:00,113712535,1,131389
2024-03-26 13:31:18.226661+00:00,113843924,0,4354
2024-03-26 13:31:18.226661+00:00,113848278,1,108877
2024-03-26 13:31:18.226661+00:00,113957155,0,3860
2024-03-26 13:31:18.226661+00:00,113961015,1,62069
2024-03-26 13:31:18.226661+00:00,114023084,0,633028
2024-03-26 13:31:18.226661+00:00,114656112,1,48432
2024-03-26 13:31:18.226661+00:00,114704544,0,6474
2024-03-26 13:31:18.226661+00:00,114711018,1,5277
2024-03-26 13:31:18.226661+00:00,114716295,0,963799
2024-03-26 13:31:18.226661+00:00,115680094,1,24571
2024-03-26 13:31:18.226661+00:00,115704665,0,7329
2024-03-26 13:31:18.226661+00:00,115711994,1,116595
2024-03-26 13:31:18.226661+00:00,115828589,0,875517
2024-03-26 13:31:18.226661+00:00,116704106,1,10797
2024-03-26 13:31:18.226661+00:00,116714903,0,638
2024-03-26 13:31:18.226661+00:00,116715541,1,74891
2024-03-26 13:31:18.226661+00:00,116790432,0,937625
2024-03-26 13:31:18.226661+00:00,117728057,1,58269
2024-03-26 13:31:18.226661+00:00,117786326,0,965682
2024-03-26 13:31:18.226661+00:00,118752008,1,90611
2024-03-26 13:31:18.226661+00:00,118842619,0,5519
2024-03-26 13:31:18.226661+00:00,118848138,1,19094
2024-03-26 13:31:18.226661+00:00,118867232,0,908879
2024-03-26 13:31:18.226661+00:00,119776111,1,65618
2024-03-26 13:31:18.226661+00:00,119841729,0,6589
2024-03-26 13:31:18.226661+00:00,119848318,1,127996
2024-03-26 13:31:18.226661+00:00,119976314,0,487
2024-03-26 13:31:18.226661+00:00,119976801,1,104359
2024-03-26 13:31:18.226661+00:00,120081160,0,718933
2024-03-26 13:31:18.226661+00:00,120800093,1,42177
2024-03-26 13:31:18.226661+00:00,120842270,0,6047
2024-03-26 13:31:18.226661+00:00,120848317,1,39570
2024-03-26 13:31:18.226661+00:00,120887887,0,936187
2024-03-26 13:31:18.226661+00:00,121824074,1,17743
2024-03-26 13:31:18.226661+00:00,121841817,0,6473
2024-03-26 13:31:18.226661+00:00,121848290,1,66337
2024-03-26 13:31:18.226661+00:00,121914627,0,933744
2024-03-26 13:31:18.226661+00:00,122848371,1,31868
2024-03-26 13:31:18.226661+00:00,122880239,0,65168
2024-03-26 13:31:18.226661+00:00,122945407,1,38082
2024-03-26 13:31:18.226661+00:00,122983489,0,637
2024-03-26 13:31:18.226661+00:00,122984126,1,109666
2024-03-26 13:31:18.226661+00:00,123093792,0,4530
2024-03-26 13:31:18.226661+00:00,123098322,1,103287
2024-03-26 13:31:18.226661+00:00,123201609,0,9428
2024-03-26 13:31:18.226661+00:00,123211037,1,87504
2024-03-26 13:31:18.226661+00:00,123298541,0,675974
2024-03-26 13:31:18.226661+00:00,123974515,1,44271
2024-03-26 13:31:18.226661+00:00,124018786,0,979680
2024-03-26 13:31:18.226661+00:00,124998466,1,72374
2024-03-26 13:31:18.226661+00:00,125070840,0,951578
2024-03-26 13:31:18.226661+00:00,126022418,1,68509
2024-03-26 13:31:18.226661+00:00,126090927,0,955441
2024-03-26 13:31:18.226661+00:00,127046368,1,45362
2024-03-26 13:31:18.226661+00:00,127091730,0,6307
2024-03-26 13:31:18.226661+00:00,127098037,1,106588
2024-03-26 13:31:18.226661+00:00,127204625,0,6419
2024-03-26 13:31:18.226661+00:00,127211044,1,130547
2024-03-26 13:31:18.226661+00:00,127341591,0,6516
2024-03-26 13:31:18.226661+00:00,127348107,1,41340
2024-03-26 13:31:18.226661+00:00,127389447,0,681056
2024-03-26 13:31:18.226661+00:00,128070503,1,21147
2024-03-26 13:31:18.226661+00:00,128091649,0,6377
2024-03-26 13:31:18.226661+00:00,128098027,1,111913
2024-03-26 13:31:18.226661+00:00,128209939,0,533
2024-03-26 13:31:18.226661+00:00,128210473,1,95192
2024-03-26 13:31:18.226661+00:00,128305665,0,792636
2024-03-26 13:31:18.226661+00:00,129098300,1,106507
2024-03-26 13:31:18.226661+00:00,129204808,0,6229
2024-03-26 13:31:18.226661+00:00,129211037,1,134574
2024-03-26 13:31:18.226661+00:00,129345610,0,2508
2024-03-26 13:31:18.226661+00:00,129348119,1,23401
2024-03-26 13:31:18.226661+00:00,129371520,0,746976
2024-03-26 13:31:18.226661+00:00,130118496,1,89766
2024-03-26 13:31:18.226661+00:00,130208261,0,2955
2024-03-26 13:31:18.226661+00:00,130211217,1,44360
2024-03-26 13:31:18.226661+00:00,130255576,0,886900
2024-03-26 13:31:18.226661+00:00,131142477,1,65048
2024-03-26 13:31:18.226661+00:00,131207526,0,3685
2024-03-26 13:31:18.226661+00:00,131211210,1,16629
2024-03-26 13:31:18.226661+00:00,131227839,0,938589
2024-03-26 13:31:18.226661+00:00,132166429,1,38177
2024-03-26 13:31:18.226661+00:00,132204606,0,6458
2024-03-26 13:31:18.226661+00:00,132211064,1,133111
2024-03-26 13:31:18.226661+00:00,132344175,0,3843
2024-03-26 13:31:18.226661+00:00,132348018,1,112108
2024-03-26 13:31:18.226661+00:00,132460126,0,504
2024-03-26 13:31:18.226661+00:00,132460630,1,53965
2024-03-26 13:31:18.226661+00:00,132514595,0,675907
2024-03-26 13:31:18.226661+00:00,133190502,1,22358
2024-03-26 13:31:18.226661+00:00,133212860,0,637
2024-03-26 13:31:18.226661+00:00,133213496,1,142101
2024-03-26 13:31:18.226661+00:00,133355597,0,452
2024-03-26 13:31:18.226661+00:00,133356050,1,30297
2024-03-26 13:31:18.226661+00:00,133386347,0,824996
2024-03-26 13:31:18.226661+00:00,134211343,1,78600
2024-03-26 13:31:18.226661+00:00,134289943,0,948462
2024-03-26 13:31:18.226661+00:00,135238405,1,31577
2024-03-26 13:31:18.226661+00:00,135269982,0,69038
2024-03-26 13:31:18.226661+00:00,135339020,1,17350
2024-03-26 13:31:18.226661+00:00,135356370,0,637
2024-03-26 13:31:18.226661+00:00,135357007,1,120077
2024-03-26 13:31:18.226661+00:00,135477084,0,401
2024-03-26 13:31:18.226661+00:00,135477485,1,552
2024-03-26 13:31:18.226661+00:00,135478037,0,886857
2024-03-26 13:31:18.226661+00:00,136364894,1,92234
2024-03-26 13:31:18.226661+00:00,136457128,0,4041
2024-03-26 13:31:18.226661+00:00,136461169,1,607
2024-03-26 13:31:18.226661+00:00,136461776,0,927068
2024-03-26 13:31:18.226661+00:00,137388844,1,118191
2024-03-26 13:31:18.226661+00:00,137507035,0,664
2024-03-26 13:31:18.226661+00:00,137507699,1,52786
2024-03-26 13:31:18.226661+00:00,137560485,0,852372
2024-03-26 13:31:18.226661+00:00,138412857,1,41864
2024-03-26 13:31:18.226661+00:00,138454721,0,6342
2024-03-26 13:31:18.226661+00:00,138461063,1,93066
2024-03-26 13:31:18.226661+00:00,138554129,0,882679
2024-03-26 13:31:18.226661+00:00,139436808,1,37335
2024-03-26 13:31:18.226661+00:00,139474143,0,636
2024-03-26 13:31:18.226661+00:00,139474779,1,413
2024-03-26 13:31:18.226661+00:00,139475192,0,62048
2024-03-26 13:31:18.226661+00:00,139537240,1,54363
2024-03-26 13:31:18.226661+00:00,139591603,0,6374
2024-03-26 13:31:18.226661+00:00,139597977,1,89456
2024-03-26 13:31:18.226661+00:00,139687433,0,875834
2024-03-26 13:31:18.226661+00:00,140563267,1,28243
2024-03-26 13:31:18.226661+00:00,140591510,0,6375
2024-03-26 13:31:18.226661+00:00,140597885,1,106479
2024-03-26 13:31:18.226661+00:00,140704364,0,6709
2024-03-26 13:31:18.226661+00:00,140711073,1,139994
2024-03-26 13:31:18.226661+00:00,140851067,0,413
2024-03-26 13:31:18.226661+00:00,140851480,1,64435
2024-03-26 13:31:18.226661+00:00,140915915,0,671364
2024-03-26 13:31:18.226661+00:00,141587279,1,18089
2024-03-26 13:31:18.226661+00:00,141605368,0,642
2024-03-26 13:31:18.226661+00:00,141606010,1,61989
2024-03-26 13:31:18.226661+00:00,141667999,0,943231
2024-03-26 13:31:18.226661+00:00,142611230,1,93359
2024-03-26 13:31:18.226661+00:00,142704589,0,6505
2024-03-26 13:31:18.226661+00:00,142711094,1,102887
2024-03-26 13:31:18.226661+00:00,142813981,0,821292
2024-03-26 13:31:18.226661+00:00,143635273,1,30750
2024-03-26 13:31:18.226661+00:00,143666023,0,69835
2024-03-26 13:31:18.226661+00:00,143735858,1,39561
2024-03-26 13:31:18.226661+00:00,143775419,0,63434
2024-03-26 13:31:18.226661+00:00,143838853,1,18969
2024-03-26 13:31:18.226661+00:00,143857822,0,637
2024-03-26 13:31:18.226661+00:00,143858459,1,135916
2024-03-26 13:31:18.226661+00:00,143994375,0,450
2024-03-26 13:31:18.226661+00:00,143994825,1,59518
2024-03-26 13:31:18.226661+00:00,144054343,0,809713
2024-03-26 13:31:18.226661+00:00,144864056,1,94558
2024-03-26 13:31:18.226661+00:00,144958614,0,2647
2024-03-26 13:31:18.226661+00:00,144961261,1,102982
2024-03-26 13:31:18.226661+00:00,145064243,0,823826
2024-03-26 13:31:18.226661+00:00,145888069,1,70184
2024-03-26 13:31:18.226661+00:00,145958253,0,3011
2024-03-26 13:31:18.226661+00:00,145961264,1,74961
2024-03-26 13:31:18.226661+00:00,146036225,0,875825
2024-03-26 13:31:18.226661+00:00,146912050,1,42651
2024-03-26 13:31:18.226661+00:00,146954701,0,6397
2024-03-26 13:31:18.226661+00:00,146961098,1,137517
2024-03-26 13:31:18.226661+00:00,147098615,0,413
2024-03-26 13:31:18.226661+00:00,147099028,1,768
2024-03-26 13:31:18.226661+00:00,147099796,0,764
2024-03-26 13:31:18.226661+00:00,147100560,1,108491
2024-03-26 13:31:18.226661+00:00,147209051,0,2066
2024-03-26 13:31:18.226661+00:00,147211117,1,37871
2024-03-26 13:31:18.226661+00:00,147248988,0,687074
2024-03-26 13:31:18.226661+00:00,147936062,1,18685
2024-03-26 13:31:18.226661+00:00,147954747,0,6342
2024-03-26 13:31:18.226661+00:00,147961089,1,132572
2024-03-26 13:31:18.226661+00:00,148093661,0,4181
2024-03-26 13:31:18.226661+00:00,148097842,1,75069
2024-03-26 13:31:18.226661+00:00,148172911,0,536
2024-03-26 13:31:18.226661+00:00,148173447,1,2099
2024-03-26 13:31:18.226661+00:00,148175546,0,785835
2024-03-26 13:31:18.226661+00:00,148961381,1,133067
2024-03-26 13:31:18.226661+00:00,149094448,0,3389
2024-03-26 13:31:18.226661+00:00,149097837,1,106548
2024-03-26 13:31:18.226661+00:00,149204385,0,779671
2024-03-26 13:31:18.226661+00:00,149984056,1,140401
2024-03-26 13:31:18.226661+00:00,150124457,0,653
2024-03-26 13:31:18.226661+00:00,150125110,1,567
2024-03-26 13:31:18.226661+00:00,150125677,0,882360
2024-03-26 13:31:18.226661+00:00,151008037,1,88519
2024-03-26 13:31:18.226661+00:00,151096556,0,1393
2024-03-26 13:31:18.226661+00:00,151097949,1,11115
2024-03-26 13:31:18.226661+00:00,151109064,0,922955
2024-03-26 13:31:18.226661+00:00,152032019,1,66772
2024-03-26 13:31:18.226661+00:00,152098791,0,649
2024-03-26 13:31:18.226661+00:00,152099440,1,105765
2024-03-26 13:31:18.226661+00:00,152205205,0,5896
2024-03-26 13:31:18.226661+00:00,152211101,1,11003
2024-03-26 13:31:18.226661+00:00,152222104,0,833957
2024-03-26 13:31:18.226661+00:00,153056061,1,42619
2024-03-26 13:31:18.226661+00:00,153098680,0,672
2024-03-26 13:31:18.226661+00:00,153099352,1,113743
2024-03-26 13:31:18.226661+00:00,153213095,0,466
2024-03-26 13:31:18.226661+00:00,153213561,1,130461
2024-03-26 13:31:18.226661+00:00,153344022,0,3833
2024-03-26 13:31:18.226661+00:00,153347855,1,6793
2024-03-26 13:31:18.226661+00:00,153354648,0,725394
2024-03-26 13:31:18.226661+00:00,154080042,1,13790
2024-03-26 13:31:18.226661+00:00,154093832,0,4143
2024-03-26 13:31:18.226661+00:00,154097975,1,28217
2024-03-26 13:31:18.226661+00:00,154126192,0,977802
2024-03-26 13:31:18.226661+00:00,155103994,1,48125
2024-03-26 13:31:18.226661+00:00,155152119,0,975826
2024-03-26 13:31:18.226661+00:00,156127945,1,79137
2024-03-26 13:31:18.226661+00:00,156207082,0,4200
2024-03-26 13:31:18.226661+00:00,156211282,1,60524
2024-03-26 13:31:18.226661+00:00,156271806,0,880242
2024-03-26 13:31:18.226661+00:00,157152048,1,12132
2024-03-26 13:31:18.226661+00:00,157164180,0,1011819
2024-03-26 13:31:18.226661+00:00,158175999,1,30439
2024-03-26 13:31:18.226661+00:00,158206438,0,4834
2024-03-26 13:31:18.226661+00:00,158211272,1,133312
2024-03-26 13:31:18.226661+00:00,158344584,0,3226
2024-03-26 13:31:18.226661+00:00,158347810,1,64454
2024-03-26 13:31:18.226661+00:00,158412264,0,787777
2024-03-26 13:31:18.226661+00:00,159200041,1,7238
2024-03-26 13:31:18.226661+00:00,159207279,0,3994
2024-03-26 13:31:18.226661+00:00,159211273,1,130123
2024-03-26 13:31:18.226661+00:00,159341397,0,6308
2024-03-26 13:31:18.226661+00:00,159347705,1,139598
2024-03-26 13:31:18.226661+00:00,159487303,0,419
2024-03-26 13:31:18.226661+00:00,159487722,1,2647
2024-03-26 13:31:18.226661+00:00,159490369,0,733685
2024-03-26 13:31:18.226661+00:00,160224054,1,117195
2024-03-26 13:31:18.226661+00:00,160341249,0,6453
2024-03-26 13:31:18.226661+00:00,160347702,1,104698
2024-03-26 13:31:18.226661+00:00,160452400,0,795636
2024-03-26 13:31:18.226661+00:00,161248036,1,31468
2024-03-26 13:31:18.226661+00:00,161279504,0,66873
2024-03-26 13:31:18.226661+00:00,161346377,1,14595
2024-03-26 13:31:18.226661+00:00,161360972,0,638
2024-03-26 13:31:18.226661+00:00,161361610,1,99544
2024-03-26 13:31:18.226661+00:00,161461154,0,421
2024-03-26 13:31:18.226661+00:00,161461575,1,87768
2024-03-26 13:31:18.226661+00:00,161549343,0,825091
2024-03-26 13:31:18.226661+00:00,162374434,1,82704
2024-03-26 13:31:18.226661+00:00,162457138,0,4154
2024-03-26 13:31:18.226661+00:00,162461292,1,2835
2024-03-26 13:31:18.226661+00:00,162464127,0,934257
2024-03-26 13:31:18.226661+00:00,163398384,1,56252
2024-03-26 13:31:18.226661+00:00,163454636,0,6494
2024-03-26 13:31:18.226661+00:00,163461130,1,69232
2024-03-26 13:31:18.226661+00:00,163530362,0,892065
2024-03-26 13:31:18.226661+00:00,164422427,1,32241
2024-03-26 13:31:18.226661+00:00,164454668,0,6466
2024-03-26 13:31:18.226661+00:00,164461134,1,130113
2024-03-26 13:31:18.226661+00:00,164591247,0,6470
2024-03-26 13:31:18.226661+00:00,164597717,1,108160
2024-03-26 13:31:18.226661+00:00,164705877,0,5259
2024-03-26 13:31:18.226661+00:00,164711136,1,769
2024-03-26 13:31:18.226661+00:00,164711905,0,767
2024-03-26 13:31:18.226661+00:00,164712672,1,109456
2024-03-26 13:31:18.226661+00:00,164822128,0,624310
2024-03-26 13:31:18.226661+00:00,165446438,1,30676
2024-03-26 13:31:18.226661+00:00,165477114,0,636
2024-03-26 13:31:18.226661+00:00,165477750,1,506
2024-03-26 13:31:18.226661+00:00,165478256,0,68554
2024-03-26 13:31:18.226661+00:00,165546810,1,39770
2024-03-26 13:31:18.226661+00:00,165586580,0,63441
2024-03-26 13:31:18.226661+00:00,165650021,1,49649
2024-03-26 13:31:18.226661+00:00,165699670,0,11468
2024-03-26 13:31:18.226661+00:00,165711138,1,132755
2024-03-26 13:31:18.226661+00:00,165843893,0,3820
2024-03-26 13:31:18.226661+00:00,165847713,1,113207
2024-03-26 13:31:18.226661+00:00,165960920,0,482
2024-03-26 13:31:18.226661+00:00,165961402,1,5334
2024-03-26 13:31:18.226661+00:00,165966736,0,708486
2024-03-26 13:31:18.226661+00:00,166675222,1,29454
2024-03-26 13:31:18.226661+00:00,166704676,0,6468
2024-03-26 13:31:18.226661+00:00,166711144,1,38430
2024-03-26 13:31:18.226661+00:00,166749574,0,949630
2024-03-26 13:31:18.226661+00:00,167699204,1,5786
2024-03-26 13:31:18.226661+00:00,167704990,0,7133
2024-03-26 13:31:18.226661+00:00,167712123,1,129041
2024-03-26 13:31:18.226661+00:00,167841165,0,6530
2024-03-26 13:31:18.226661+00:00,167847695,1,47257
2024-03-26 13:31:18.226661+00:00,167894952,0,828264
2024-03-26 13:31:18.226661+00:00,168723216,1,118097
2024-03-26 13:31:18.226661+00:00,168841313,0,6307
2024-03-26 13:31:18.226661+00:00,168847620,1,53496
2024-03-26 13:31:18.226661+00:00,168901116,0,846112
2024-03-26 13:31:18.226661+00:00,169747228,1,92251
2024-03-26 13:31:18.226661+00:00,169839479,0,931700
2024-03-26 13:31:18.226661+00:00,170771179,1,107663
2024-03-26 13:31:18.226661+00:00,170878842,0,720
2024-03-26 13:31:18.226661+00:00,170879562,1,39529
2024-03-26 13:31:18.226661+00:00,170919091,0,876131
2024-03-26 13:31:18.226661+00:00,171795222,1,52965
2024-03-26 13:31:18.226661+00:00,171848187,0,641
2024-03-26 13:31:18.226661+00:00,171848828,1,116087
2024-03-26 13:31:18.226661+00:00,171964915,0,430
2024-03-26 13:31:18.226661+00:00,171965345,1,567
2024-03-26 13:31:18.226661+00:00,171965912,0,853290
2024-03-26 13:31:18.226661+00:00,172819202,1,22712
2024-03-26 13:31:18.226661+00:00,172841914,0,5662
2024-03-26 13:31:18.226661+00:00,172847576,1,111879
2024-03-26 13:31:18.226661+00:00,172959455,0,1740
2024-03-26 13:31:18.226661+00:00,172961195,1,119049
2024-03-26 13:31:18.226661+00:00,173080244,0,767675
2024-03-26 13:31:18.226661+00:00,173847919,1,28030
2024-03-26 13:31:18.226661+00:00,173875949,0,64645
2024-03-26 13:31:18.226661+00:00,173940595,1,16160
2024-03-26 13:31:18.226661+00:00,173956755,0,4557
2024-03-26 13:31:18.226661+00:00,173961312,1,74351
2024-03-26 13:31:18.226661+00:00,174035663,0,933919
2024-03-26 13:31:18.226661+00:00,174969582,1,31306
2024-03-26 13:31:18.226661+00:00,175000888,0,69280
2024-03-26 13:31:18.226661+00:00,175070168,1,21097
2024-03-26 13:31:18.226661+00:00,175091265,0,6295
2024-03-26 13:31:18.226661+00:00,175097560,1,118397
2024-03-26 13:31:18.226661+00:00,175215957,0,485
2024-03-26 13:31:18.226661+00:00,175216442,1,41730
2024-03-26 13:31:18.226661+00:00,175258172,0,839670
2024-03-26 13:31:18.226661+00:00,176097842,1,106972
2024-03-26 13:31:18.226661+00:00,176204814,0,6261
2024-03-26 13:31:18.226661+00:00,176211075,1,165566
2024-03-26 13:31:18.226661+00:00,176376641,0,486
2024-03-26 13:31:18.226661+00:00,176377127,1,67080
2024-03-26 13:31:18.226661+00:00,176444207,0,675816
2024-03-26 13:31:18.226661+00:00,177120023,1,91756
2024-03-26 13:31:18.226661+00:00,177211779,0,712
2024-03-26 13:31:18.226661+00:00,177212491,1,128630
2024-03-26 13:31:18.226661+00:00,177341121,0,6437
2024-03-26 13:31:18.226661+00:00,177347558,1,38005
2024-03-26 13:31:18.226661+00:00,177385563,0,758441
2024-03-26 13:31:18.226661+00:00,178144004,1,53355
2024-03-26 13:31:18.226661+00:00,178197359,0,970626
2024-03-26 13:31:18.226661+00:00,179167985,1,36876
2024-03-26 13:31:18.226661+00:00,179204861,0,6315
2024-03-26 13:31:18.226661+00:00,179211176,1,72212
2024-03-26 13:31:18.226661+00:00,179283388,0,908610
2024-03-26 13:31:18.226661+00:00,180191998,1,14966
2024-03-26 13:31:18.226661+00:00,180206964,0,4360
2024-03-26 13:31:18.226661+00:00,180211324,1,129724
2024-03-26 13:31:18.226661+00:00,180341048,0,6547
2024-03-26 13:31:18.226661+00:00,180347595,1,761
2024-03-26 13:31:18.226661+00:00,180348356,0,748
2024-03-26 13:31:18.226661+00:00,180349104,1,104729
2024-03-26 13:31:18.226661+00:00,180453833,0,757635
2024-03-26 13:31:18.226661+00:00,181211468,1,138236
2024-03-26 13:31:18.226661+00:00,181349704,0,455
2024-03-26 13:31:18.226661+00:00,181350159,1,4599
2024-03-26 13:31:18.226661+00:00,181354758,0,885233
2024-03-26 13:31:18.226661+00:00,182239991,1,108699
2024-03-26 13:31:18.226661+00:00,182348690,0,723
2024-03-26 13:31:18.226661+00:00,182349413,1,32734
2024-03-26 13:31:18.226661+00:00,182382147,0,881795
2024-03-26 13:31:18.226661+00:00,183263942,1,84689
2024-03-26 13:31:18.226661+00:00,183348631,0,665
2024-03-26 13:31:18.226661+00:00,183349296,1,65923
2024-03-26 13:31:18.226661+00:00,183415219,0,872765
2024-03-26 13:31:18.226661+00:00,184287984,1,69638
2024-03-26 13:31:18.226661+00:00,184357622,0,705
2024-03-26 13:31:18.226661+00:00,184358327,1,43531
2024-03-26 13:31:18.226661+00:00,184401858,0,910107
2024-03-26 13:31:18.226661+00:00,185311965,1,33909
2024-03-26 13:31:18.226661+00:00,185345874,0,1780
2024-03-26 13:31:18.226661+00:00,185347654,1,2552
2024-03-26 13:31:18.226661+00:00,185350206,0,62192
2024-03-26 13:31:18.226661+00:00,185412398,1,42659
2024-03-26 13:31:18.226661+00:00,185455057,0,6121
2024-03-26 13:31:18.226661+00:00,185461178,1,132222
2024-03-26 13:31:18.226661+00:00,185593400,0,4213
2024-03-26 13:31:18.226661+00:00,185597613,1,105349
2024-03-26 13:31:18.226661+00:00,185702962,0,735432
2024-03-26 13:31:18.226661+00:00,186438394,1,30684
2024-03-26 13:31:18.226661+00:00,186469078,0,636
2024-03-26 13:31:18.226661+00:00,186469714,1,413
2024-03-26 13:31:18.226661+00:00,186470127,0,68669
2024-03-26 13:31:18.226661+00:00,186538796,1,55489
2024-03-26 13:31:18.226661+00:00,186594285,0,3368
2024-03-26 13:31:18.226661+00:00,186597653,1,17076
2024-03-26 13:31:18.226661+00:00,186614729,0,950033
2024-03-26 13:31:18.226661+00:00,187564762,1,26334
2024-03-26 13:31:18.226661+00:00,187591096,0,6378
2024-03-26 13:31:18.226661+00:00,187597474,1,110279
2024-03-26 13:31:18.226661+00:00,187707753,0,3437
2024-03-26 13:31:18.226661+00:00,187711190,1,598
2024-03-26 13:31:18.226661+00:00,187711788,0,876925
2024-03-26 13:31:18.226661+00:00,188588713,1,12194
2024-03-26 13:31:18.226661+00:00,188600907,0,637
2024-03-26 13:31:18.226661+00:00,188601544,1,108955
2024-03-26 13:31:18.226661+00:00,188710499,0,434
2024-03-26 13:31:18.226661+00:00,188710933,1,564
2024-03-26 13:31:18.226661+00:00,188711497,0,901289
2024-03-26 13:31:18.226661+00:00,189612786,1,106896
2024-03-26 13:31:18.226661+00:00,189719682,0,641
2024-03-26 13:31:18.226661+00:00,189720323,1,562
2024-03-26 13:31:18.226661+00:00,189720885,0,915852
2024-03-26 13:31:18.226661+00:00,190636737,1,68383
2024-03-26 13:31:18.226661+00:00,190705120,0,6070
2024-03-26 13:31:18.226661+00:00,190711190,1,76126
2024-03-26 13:31:18.226661+00:00,190787316,0,873463
2024-03-26 13:31:18.226661+00:00,191660779,1,44128
2024-03-26 13:31:18.226661+00:00,191704907,0,6289
2024-03-26 13:31:18.226661+00:00,191711196,1,10431
2024-03-26 13:31:18.226661+00:00,191721627,0,963102
2024-03-26 13:31:18.226661+00:00,192684729,1,20191
2024-03-26 13:31:18.226661+00:00,192704920,0,6271
2024-03-26 13:31:18.226661+00:00,192711191,1,129724
2024-03-26 13:31:18.226661+00:00,192840915,0,6523
2024-03-26 13:31:18.226661+00:00,192847438,1,80143
2024-03-26 13:31:18.226661+00:00,192927581,0,784888
2024-03-26 13:31:18.226661+00:00,193712469,1,128576
2024-03-26 13:31:18.226661+00:00,193841045,0,6388
2024-03-26 13:31:18.226661+00:00,193847433,1,56132
2024-03-26 13:31:18.226661+00:00,193903565,0,829218
2024-03-26 13:31:18.226661+00:00,194732783,1,113972
2024-03-26 13:31:18.226661+00:00,194846755,0,720
2024-03-26 13:31:18.226661+00:00,194847475,1,55742
2024-03-26 13:31:18.226661+00:00,194903217,0,853548
2024-03-26 13:31:18.226661+00:00,195756765,1,86906
2024-03-26 13:31:18.226661+00:00,195843671,0,3960
2024-03-26 13:31:18.226661+00:00,195847631,1,58042
2024-03-26 13:31:18.226661+00:00,195905673,0,875104
2024-03-26 13:31:18.226661+00:00,196780777,1,31415
2024-03-26 13:31:18.226661+00:00,196812192,0,69171
2024-03-26 13:31:18.226661+00:00,196881363,1,77949
2024-03-26 13:31:18.226661+00:00,196959312,0,2064
2024-03-26 13:31:18.226661+00:00,196961376,1,64800
2024-03-26 13:31:18.226661+00:00,197026176,0,880999
2024-03-26 13:31:18.226661+00:00,197907175,1,54823
2024-03-26 13:31:18.226661+00:00,197961998,0,651
2024-03-26 13:31:18.226661+00:00,197962649,1,799
2024-03-26 13:31:18.226661+00:00,197963448,0,763
2024-03-26 13:31:18.226661+00:00,197964211,1,88738
2024-03-26 13:31:18.226661+00:00,198052949,0,878208
2024-03-26 13:31:18.226661+00:00,198931157,1,32398
2024-03-26 13:31:18.226661+00:00,198963555,0,636
2024-03-26 13:31:18.226661+00:00,198964191,1,506
2024-03-26 13:31:18.226661+00:00,198964698,0,66860
2024-03-26 13:31:18.226661+00:00,199031558,1,59526
2024-03-26 13:31:18.226661+00:00,199091084,0,6362
2024-03-26 13:31:18.226661+00:00,199097446,1,26778
2024-03-26 13:31:18.226661+00:00,199124224,0,933300
2024-03-26 13:31:18.226661+00:00,200057524,1,33466
2024-03-26 13:31:18.226661+00:00,200090990,0,6378
2024-03-26 13:31:18.226661+00:00,200097368,1,112780
2024-03-26 13:31:18.226661+00:00,200210148,0,439
2024-03-26 13:31:18.226661+00:00,200210587,1,739
2024-03-26 13:31:18.226661+00:00,200211326,0,774
2024-03-26 13:31:18.226661+00:00,200212100,1,132545
2024-03-26 13:31:18.226661+00:00,200344645,0,2754
2024-03-26 13:31:18.226661+00:00,200347399,1,5539
2024-03-26 13:31:18.226661+00:00,200352938,0,728628
2024-03-26 13:31:18.226661+00:00,201081566,1,10299
2024-03-26 13:31:18.226661+00:00,201091865,0,5564
2024-03-26 13:31:18.226661+00:00,201097429,1,121164
2024-03-26 13:31:18.226661+00:00,201218593,0,474
2024-03-26 13:31:18.226661+00:00,201219067,1,58481
2024-03-26 13:31:18.226661+00:00,201277548,0,828000
2024-03-26 13:31:18.226661+00:00,202105548,1,53499
2024-03-26 13:31:18.226661+00:00,202159047,0,970482
2024-03-26 13:31:18.226661+00:00,203129529,1,60005
